{
    "name": "root",
    "metadata": {
        "timer_format_version": "0.1.0",
        "start_time_seconds": "1721919932",
        "python_version": "3.9.13 (main, Oct 13 2022, 21:23:06) [MSC v.1916 64 bit (AMD64)]",
        "command_line_arguments": "C:\\Users\\jonathancallahan\\anaconda3\\envs\\python3913\\Scripts\\mlagents-learn --force",
        "mlagents_version": "0.30.0",
        "mlagents_envs_version": "0.30.0",
        "communication_protocol_version": "1.5.0",
        "pytorch_version": "2.3.1+cu118",
        "numpy_version": "1.21.2",
        "end_time_seconds": "1721920120"
    },
    "total": 187.9367135,
    "count": 1,
    "self": 0.007079400000009173,
    "children": {
        "run_training.setup": {
            "total": 0.020338799999999768,
            "count": 1,
            "self": 0.020338799999999768
        },
        "TrainerController.start_learning": {
            "total": 187.9092953,
            "count": 1,
            "self": 0.21114420000020573,
            "children": {
                "TrainerController._reset_env": {
                    "total": 11.757216,
                    "count": 1,
                    "self": 11.757216
                },
                "TrainerController.advance": {
                    "total": 175.8236920999998,
                    "count": 14061,
                    "self": 0.19222709999957033,
                    "children": {
                        "env_step": {
                            "total": 172.0809113000009,
                            "count": 14061,
                            "self": 111.85628120000185,
                            "children": {
                                "SubprocessEnvManager._take_step": {
                                    "total": 60.082091999999776,
                                    "count": 14061,
                                    "self": 0.5998517999999677,
                                    "children": {
                                        "TorchPolicy.evaluate": {
                                            "total": 59.48224019999981,
                                            "count": 14061,
                                            "self": 59.48224019999981
                                        }
                                    }
                                },
                                "workers": {
                                    "total": 0.14253809999928535,
                                    "count": 14060,
                                    "self": 0.0,
                                    "children": {
                                        "worker_root": {
                                            "total": 115.18625299999931,
                                            "count": 14060,
                                            "is_parallel": true,
                                            "self": 76.02982399999853,
                                            "children": {
                                                "steps_from_proto": {
                                                    "total": 0.00033649999999951774,
                                                    "count": 1,
                                                    "is_parallel": true,
                                                    "self": 0.0001527000000010048,
                                                    "children": {
                                                        "_process_rank_one_or_two_observation": {
                                                            "total": 0.00018379999999851293,
                                                            "count": 4,
                                                            "is_parallel": true,
                                                            "self": 0.00018379999999851293
                                                        }
                                                    }
                                                },
                                                "UnityEnvironment.step": {
                                                    "total": 39.15609250000078,
                                                    "count": 14060,
                                                    "is_parallel": true,
                                                    "self": 0.7559063000021027,
                                                    "children": {
                                                        "UnityEnvironment._generate_step_input": {
                                                            "total": 0.6600733999993729,
                                                            "count": 14060,
                                                            "is_parallel": true,
                                                            "self": 0.6600733999993729
                                                        },
                                                        "communicator.exchange": {
                                                            "total": 34.91107969999967,
                                                            "count": 14060,
                                                            "is_parallel": true,
                                                            "self": 34.91107969999967
                                                        },
                                                        "steps_from_proto": {
                                                            "total": 2.829033099999643,
                                                            "count": 14060,
                                                            "is_parallel": true,
                                                            "self": 1.5019471000019973,
                                                            "children": {
                                                                "_process_rank_one_or_two_observation": {
                                                                    "total": 1.3270859999976459,
                                                                    "count": 56240,
                                                                    "is_parallel": true,
                                                                    "self": 1.3270859999976459
                                                                }
                                                            }
                                                        }
                                                    }
                                                }
                                            }
                                        }
                                    }
                                }
                            }
                        },
                        "trainer_advance": {
                            "total": 3.5505536999993055,
                            "count": 14060,
                            "self": 0.2780877000001478,
                            "children": {
                                "process_trajectory": {
                                    "total": 1.2316272999991629,
                                    "count": 14060,
                                    "self": 1.2316272999991629
                                },
                                "_update_policy": {
                                    "total": 2.040838699999995,
                                    "count": 1,
                                    "self": 1.3171554000000185,
                                    "children": {
                                        "TorchPPOOptimizer.update": {
                                            "total": 0.7236832999999763,
                                            "count": 30,